{
  "epoch": [
    1,
    2,
    3,
    4,
    5,
    6,
    7,
    8,
    9,
    10,
    11,
    12,
    13,
    14,
    15
  ],
  "training_loss": [
    0.6927860874910744,
    0.6914772576823527,
    0.6921619754664752,
    0.6928954531951826,
    0.6769078550290089,
    0.6807761107172284,
    0.6441341741960875,
    0.5563711496640225,
    0.466062779785419,
    0.38847860055310385,
    0.34901716544920086,
    0.32210411146587253,
    0.29360129456130823,
    0.2692000377847224,
    0.24327324193959332
  ],
  "val_loss": [
    0.6945384123495647,
    0.6919068992137909,
    0.7102452270230468,
    0.677872679063252,
    0.6892097099703185,
    0.6868323154595434,
    0.5938597811119897,
    0.5066622472843345,
    0.4139511495524523,
    0.3774261085354552,
    0.3588026050402194,
    0.3470660923999183,
    0.349172376172275,
    0.3690245533932228,
    0.37277618886864916
  ],
  "training_acc": [
    0.5099569516522544,
    0.5148676658163265,
    0.5158880739187708,
    0.5132892219995966,
    0.5521045920191979,
    0.5300701531220455,
    0.6153698980200047,
    0.7397241711008306,
    0.7872927295310157,
    0.8308195152453014,
    0.8500239158771477,
    0.8651307398567394,
    0.8777822067542952,
    0.8914381378159231,
    0.9059789542640958
  ],
  "val_acc": [
    0.5004544005710252,
    0.5048788265914333,
    0.5013791454993949,
    0.559821428541018,
    0.5215082909075581,
    0.5231425383565377,
    0.7162707271624584,
    0.7692761478983626,
    0.8160395409379687,
    0.8329480229591837,
    0.8427136479591837,
    0.8479591836126483,
    0.8486686862853109,
    0.847720025449383,
    0.8509167730808258
  ]
}